{"missile": 0.66274493932724, "projectile": 0.3285553455352783, "warplane": 0.00774340471252799, "aircraft carrier": 0.0008414244512096047, "wing": 5.329805935616605e-05}