{"American Staffordshire terrier": 0.5492177605628967, "Staffordshire bullterrier": 0.413127601146698, "whippet": 0.021340494975447655, "Ibizan hound": 0.008629084564745426, "basenji": 0.003768991446122527}