{"American Staffordshire terrier": 0.4784930348396301, "Staffordshire bullterrier": 0.3104631006717682, "Boston bull": 0.010497627779841423, "Australian terrier": 0.003094522515311837, "toy terrier": 0.002949746325612068}