{"American Staffordshire terrier": 0.7376325130462646, "Staffordshire bullterrier": 0.26143699884414673, "boxer": 0.00023956361110322177, "bull mastiff": 0.00017044255218934268, "basenji": 0.00014949392061680555}