{"American Staffordshire terrier": 0.49140697717666626, "Staffordshire bullterrier": 0.4583781659603119, "whippet": 0.025885388255119324, "Ibizan hound": 0.012252605520188808, "basenji": 0.009284843690693378}