{"missile": 0.47682300209999084, "projectile": 0.42315101623535156, "airship": 0.011614030227065086, "warplane": 0.010970531962811947, "space shuttle": 0.0024553523398935795}