{"missile": 0.6681984663009644, "projectile": 0.31972575187683105, "warplane": 0.008331255055963993, "wing": 0.0031440972816199064, "space shuttle": 0.0003210724680684507}